<?xml version="1.0" encoding="UTF-8"?>
<configurationDescriptor version="100">
  <logicalFolder name="root" displayName="root" projectFiles="true" kind="ROOT">
    <logicalFolder name="HeaderFiles"
                   displayName="Header Files"
                   projectFiles="true">
      <itemPath>include/DataTable.h</itemPath>
      <itemPath>include/DataVector.h</itemPath>
    </logicalFolder>
    <logicalFolder name="ResourceFiles"
                   displayName="Resource Files"
                   projectFiles="true">
    </logicalFolder>
    <logicalFolder name="SourceFiles"
                   displayName="Source Files"
                   projectFiles="true">
      <itemPath>src/DataTable.cpp</itemPath>
      <itemPath>src/DataVector.cpp</itemPath>
    </logicalFolder>
    <logicalFolder name="TestFiles"
                   displayName="Test Files"
                   projectFiles="false"
                   kind="TEST_LOGICAL_FOLDER">
    </logicalFolder>
    <logicalFolder name="ExternalFiles"
                   displayName="Important Files"
                   projectFiles="false"
                   kind="IMPORTANT_FILES_FOLDER">
      <itemPath>Makefile</itemPath>
    </logicalFolder>
  </logicalFolder>
  <projectmakefile>Makefile</projectmakefile>
  <confs>
    <conf name="Debug" type="3">
      <toolsSet>
        <compilerSet>default</compilerSet>
        <dependencyChecking>true</dependencyChecking>
        <rebuildPropChanged>false</rebuildPropChanged>
      </toolsSet>
      <compileType>
        <ccTool>
          <standard>11</standard>
          <incDir>
            <pElem>include</pElem>
            <pElem>../AnsiTerminal/include</pElem>
          </incDir>
        </ccTool>
        <archiverTool>
        </archiverTool>
        <requiredProjects>
          <makeArtifact PL="../AnsiTerminal"
                        CT="3"
                        CN="Debug"
                        AC="true"
                        BL="true"
                        WD="../AnsiTerminal"
                        BC="${MAKE}  -f Makefile CONF=Debug"
                        CC="${MAKE}  -f Makefile CONF=Debug clean"
                        OP="${CND_DISTDIR}/${CND_CONF}/${CND_PLATFORM}/libansiterminal.a">
          </makeArtifact>
        </requiredProjects>
      </compileType>
      <item path="include/DataTable.h" ex="false" tool="3" flavor2="0">
      </item>
      <item path="include/DataVector.h" ex="false" tool="3" flavor2="0">
      </item>
      <item path="src/DataTable.cpp" ex="false" tool="1" flavor2="0">
      </item>
      <item path="src/DataVector.cpp" ex="false" tool="1" flavor2="0">
      </item>
    </conf>
    <conf name="Release" type="3">
      <toolsSet>
        <compilerSet>default</compilerSet>
        <dependencyChecking>true</dependencyChecking>
        <rebuildPropChanged>false</rebuildPropChanged>
      </toolsSet>
      <compileType>
        <cTool>
          <developmentMode>5</developmentMode>
        </cTool>
        <ccTool>
          <developmentMode>5</developmentMode>
        </ccTool>
        <fortranCompilerTool>
          <developmentMode>5</developmentMode>
        </fortranCompilerTool>
        <asmTool>
          <developmentMode>5</developmentMode>
        </asmTool>
        <archiverTool>
        </archiverTool>
      </compileType>
      <item path="include/DataTable.h" ex="false" tool="3" flavor2="0">
      </item>
      <item path="include/DataVector.h" ex="false" tool="3" flavor2="0">
      </item>
      <item path="src/DataTable.cpp" ex="false" tool="1" flavor2="0">
      </item>
      <item path="src/DataVector.cpp" ex="false" tool="1" flavor2="0">
      </item>
    </conf>
  </confs>
</configurationDescriptor>
